{
  "project_info": {
    "project_number": "13238177962",
    "project_id": "login-app-5f3d3",
    "storage_bucket": "login-app-5f3d3.appspot.com"
  },
  "client": [
    {
      "client_info": {
        "mobilesdk_app_id": "1:13238177962:android:2f666feb7e1bd37ea380d3",
        "android_client_info": {
          "package_name": "com.shaluambasta.maillogin"
        }
      },
      "oauth_client": [
        {
          "client_id": "13238177962-d0lmai6o9g63760eq60skcjkejsirevo.apps.googleusercontent.com",
          "client_type": 3
        }
      ],
      "api_key": [
        {
          "current_key": "AIzaSyAxXq_RMxt6j3avyLf6J-YXq4G5yaxWThI"
        }
      ],
      "services": {
        "appinvite_service": {
          "other_platform_oauth_client": [
            {
              "client_id": "13238177962-d0lmai6o9g63760eq60skcjkejsirevo.apps.googleusercontent.com",
              "client_type": 3
            }
          ]
        }
      }
    }
  ],
  "configuration_version": "1"
}